	id	start	type	timeframe	entry	outcome	RSI bounces	bounce length	bounce (pips)	inn_bounce	indecission	entry on RSI	length of trend (-1)	length in pips (-1)	last time	entry_aligned	retraced	Candle +1 against trade	trend_bounces	peak_bounces	s_r_bounces	is_sr_doubtful	adx	congestion_onleft	length of trend	No of candles	previous swings	space interswings	trend angle	stretches	strong trend	norm_length_pips	norm_bounce_pips	norm_retraced	diff	pips_ratio	pips_ratio_norm	length_bounce_perc	bounce_bias	bounce_ratio	sum_bounces	score
1	USD_JPY 29OCT2012H12	2012-10-29 09:00:00	long	H12	79.751	0	2	3,5	770	12	6	0	43.0	2188.0	2012-01-04 00:00:00	0	130.0	FALSE	1.0	8.0	6.0	1.0	34.0	0.0	43.0	3.0	3.0	26,19	33.0		True	45.58	16.04	2.71	299	50.883720930232556	1.0465116279069768	27.906976744186046	P	2.0	8	-21
3	USD_JPY 23JUN2013H12	2013-06-23 22:00:00	long	H12	98.06	1	0	0	920	5	2	0	9.0	3987.0	2013-01-06 00:00:00	0		FALSE	1.0	0.0	2.0	0.0	35.0									83.06	19.17		168	443.0	9.222222222222221	55.55555555555556	A	2.5	0	-5
14	USD_JPY 05FEB2013H12	2013-05-02 10:00:00	long	H12	93.15899999999999	0	10	4,2,7,17,7,4,6,1,1,1	723	5	1	0	115.0	13880.0	2010-01-05 00:00:00	0	1086.0	FALSE	3.0	4.0	6.0											289.17	15.06	22.62	1213	120.69565217391305	2.5130434782608697	4.3478260869565215	A	5.0	50	-8
19	USD_CHF 28FEB2007H12	2007-02-28 22:00:00	short	H12	1.21838	0	1	1	895	4	1	0	24.0	3534.0	2006-01-12 00:00:00	0	1170.0	TRUE	1.0	4.0	6.0				25.0	3.0	2.0	7	68.0		True	73.62	18.65	24.38	412	147.25	3.0416666666666665	16.666666666666668	A	4.0	1	7
20	USD_CHF 25MAY2012H12	2012-05-25 10:00:00	long	H12	0.9605	1	3	4,10,1	640	4	4	1	35.0	5511.0	2011-01-02 00:00:00	0		FALSE	1.0	4.0	6.0				36.0	2.0	3.0	9,28	50.0		True	114.81	13.33		509	157.45714285714286	3.257142857142857	11.428571428571429	A	1.0	15	4
21	USD_CHF 22AUG2014H12	2014-08-22 10:00:00	long	H12	0.91227	1	3	5,3,4	408	5	1	0	76.0	2536.0	2013-01-11 00:00:00	0		FALSE	2.0	4.0	6.0				72.0	32.0	2.0	9	30.0		False	52.83	8.5		588	33.36842105263158	0.6842105263157895	6.578947368421052	A	5.0	12	-6
22	USD_CHF 21JAN2013H12	2013-01-21 22:00:00	long	H12	0.9344600000000001	0	0	0	720	6	5	0	11.0	2095.0	2012-01-11 00:00:00	0		TRUE	4.0	4.0	6.0				13.0		2.0	11	67.0		True	43.65	15.0		376	190.45454545454547	3.909090909090909	54.54545454545455	A	1.2	0	-1
23	USD_CHF 20JUN2013H12	2013-06-20 22:00:00	short	H12	0.9271299999999999	0	2	2,1	1871	16	3	0	33.0	5163.0	2013-01-02 00:00:00	0		FALSE	2.0	4.0	6.0				34.0	12.0	2.0	33	51.0		True	107.56	38.98		169	156.45454545454547	3.242424242424242	48.484848484848484	A	5.333333333333333	3	-11
24	USD_CHF 15DEC2013H12	2013-12-15 22:00:00	short	H12	0.8879	0	1	9	663	8	4	1	50.0	3357.0	2011-01-11 00:00:00	0		FALSE	2.0	4.0	6.0				33.0	5.0	2.0	18	56.0		True	69.94	13.81		1069	67.14	1.38	16.0	A	2.0	9	14
27	USD_CHF 09NOV2011H12	2011-09-11 10:00:00	long	H12	0.90749	1	0	0	1396	6	1	0	17.0	5075.0	2011-01-10 00:00:00	0		FALSE	1.0	4.0	6.0				15.0		3.0	6,9	57.0		False	105.73	29.08		244	298.52941176470586	6.176470588235294	35.294117647058826	A	6.0	0	-9
28	USD_CHF 07JAN2009H12	2009-07-01 22:00:00	long	H12	1.10571	0	1	2	2800	9	1	0	14.0	5693.0	2008-01-12 00:00:00	0	30.0	TRUE	1.0	4.0	6.0				15.0	16.0	3.0	8,4	46.0		True	118.6	58.33	0.62	536	406.64285714285717	8.428571428571429	64.28571428571429	A	9.0	2	-4
29	USD_CHF 03OCT2014H12	2014-03-10 10:00:00	long	H12	0.9582	0	9	5,2,1,1,11,1,7,4,4	500	7	2	1	137.0	7092.0	2013-01-07 00:00:00	0	1577.0	FALSE	5.0	4.0	6.0				137.0	4.0	7.0	14,6,4,17,10,18	31.0		False	147.75	10.42	32.85	427	51.76642335766423	1.072992700729927	5.109489051094891	A	3.5	36	14
30	USD_CHF 02JUN2016H12	2016-02-06 22:00:00	long	H12	0.9915200000000001	0	3	3,5,1	900	22	3	0	45.0	4515.0	2006-01-02 00:00:00	0		FALSE	1.0	4.0	6.0				46.0	15.0	2.0	43	50.0		True	94.06	18.75		3687	100.33333333333333	2.088888888888889	48.888888888888886	A	7.333333333333333	9	-12
33	USD_CHF 01APR2018H12	2018-01-04 22:00:00	long	H12	0.9546	1	0	0	478	6	1	0	60.0	3573.0	2018-01-01 00:00:00	0		FALSE	1.0	4.0	6.0				60.0		2.0	9	35.0		False	74.44	9.96		3	59.55	1.2333333333333334	10.0	A	6.0	0	-5
35	USD_CAD 28MAY2010H12	2010-05-28 10:00:00	long	H12	1.0533700000000001	0	3	1,2,2	4050	13	3	0	54.0	5890.0	2010-01-02 00:00:00	0		FALSE	2.0	4.0	6.0				55.0	7.0	6.0	15,7,13,3,9	56.0		False	122.71	84.38		146	109.07407407407408	2.259259259259259	24.074074074074073	A	4.333333333333333	5	-6
36	USD_CAD 28JAN2014H12	2014-01-28 10:00:00	long	H12	1.11245	0	10	3,2,1,3,7,3,2,1,1,1	1200	9	3	1	181.0	9265.0	2009-01-07 00:00:00	0		FALSE	3.0	4.0	6.0				184.0	7.0	3.0	7,24	33.0		False	193.02	25.0		1847	51.187845303867405	1.0662983425414365	4.972375690607735	A	3.0	24	8
37	USD_CAD 28FEB2013H12	2013-02-28 10:00:00	long	H12	1.02515	1	2	10,7	760	8	1	1	66.0	4173.0	2012-01-06 00:00:00	0		FALSE	2.0	4.0	6.0				64.0	3.0	2.0	19	51.0		False	86.94	15.83		419	63.22727272727273	1.303030303030303	12.121212121212121	A	8.0	17	13
41	USD_CAD 19OCT2009H12	2009-10-19 10:00:00	short	H12	1.02911	0	1	4	1970	11	4	0	21.0	5476.0	2008-01-07 00:00:00	0		FALSE	1.0	4.0	6.0				23.0	5.0	2.0	22	58.0		False	114.08	41.04		651	260.76190476190476	5.428571428571429	52.38095238095238	A	2.75	4	0
44	USD_CAD 17OCT2008H12	2008-10-17 09:00:00	long	H12	1.1868100000000001	0	3	3,1,11	1760	5	1	0	28.0	15375.0	2005-01-08 00:00:00	0		TRUE		4.0	6.0											320.31	36.67		1378	549.1071428571429	11.428571428571429	17.857142857142858	A	5.0	15	-5
46	USD_CAD 16OCT2014H12	2014-10-16 09:00:00	long	H12	1.13057	0	4	1,2,2,8	1106	5	1	0	138.0	6821.0	2011-01-01 00:00:00	0	958.0	TRUE	3.0	4.0	6.0											142.1	23.04	19.96	1384	49.427536231884055	1.0289855072463767	3.6231884057971016	A	5.0	13	-10
47	USD_CAD 16MAR2010H12	2010-03-16 09:00:00	short	H12	1.01627	0	1	2	395	5	1	1	50.0	5885.0	2008-01-07 00:00:00	0	750.0	FALSE	0.0	4.0	6.0				51.0	2.0	2.0	24	47.0		True	122.6	8.23	15.62	799	117.7	2.44	10.0	A	5.0	2	14
48	USD_CAD 13OCT2011H12	2011-10-13 09:00:00	long	H12	1.02366	0	2	6,5	4696	30	1	0	37.0	4607.0	2010-01-09 00:00:00	0		TRUE	1.0	4.0	6.0											95.98	97.83		642	124.51351351351352	2.5675675675675675	81.08108108108108	A	30.0	11	-10
51	USD_CAD 11AUG2017H12	2017-11-08 10:00:00	short	H12	1.2699799999999999	1	6	20,1,16,1,1,4	3100	40	4	0	140.0	11067.0	2015-01-07 00:00:00	0		FALSE	4.0	4.0	6.0				121.0	23.0	3.0	72,17	44.0		True	230.56	64.58		1036	79.05	1.6428571428571428	28.571428571428573	A	10.0	43	-6
52	USD_CAD 09MAR2016H12	2016-09-03 10:00:00	short	H12	1.33445	1	1	1	1630	7	6	0	71.0	14150.0	2015-01-11 00:00:00	0		FALSE	3.0	4.0	6.0				68.0	10.0	3.0	20,51	53.0		False	294.79	33.96		601	199.29577464788733	4.140845070422535	9.859154929577464	A	1.1666666666666667	1	-1
53	USD_CAD 07MAR2018H12	2018-07-03 10:00:00	long	H12	1.29627	0	5	5,2,1,1,1	1270	8	3	0	47.0	6924.0	2017-01-06 00:00:00	0	370.0	TRUE	1.0	4.0	6.0				49.0	2.0	4.0	14,12,19	50.0		False	144.25	26.46	7.71	543	147.31914893617022	3.0638297872340425	17.02127659574468	A	2.6666666666666665	10	-9
54	USD_CAD 07JUL2011H12	2011-07-07 10:00:00	short	H12	0.96395	0	0	0	880	11	2	0	13.0	2411.0	2011-01-05 00:00:00	0	700.0	FALSE	0.0	4.0	6.0				16.0		2.0	16	39.0		True	50.23	18.33	14.58	183	185.46153846153845	3.8461538461538463	84.61538461538461	A	5.5	0	0
58	NZD_USD 18OCT2018H12	2018-10-18 10:00:00	long	H12	0.65681	0	0	0	430	6	1	0	10.0	1221.0	2018-01-10 00:00:00	0	684.0	TRUE	1.0	4.0	6.0											25.44	8.96	14.25	281	122.1	2.5	60.0	A	6.0	0	-10
61	NZD_JPY 29NOV2018H12	2018-11-29 22:00:00	long	H12	77.87	1	2	4	453	4	1	0	48.0	5421.0	2018-01-06 00:00:00	0		FALSE	2.0	4.0	6.0											112.94	9.44		327	112.9375	2.3333333333333335	8.333333333333334	A	4.0	4	0
64	NZD_JPY 08042008H12	2008-08-04 10:00:00	long	H12	81.762	0	0	0	700	4	4	0	10.0	3506.0	2008-01-03 00:00:00	0		FALSE	1.0	4.0	6.0				11.0						False	73.04	14.58		214	350.6	7.3	40.0	A	1.0	0	-7
65	NZD_JPY 06DEC2011H12	2011-06-12 22:00:00	long	H12	60.757	0	0	0	733	10	2	0	16.0	3507.0	2011-01-11 00:00:00	0		FALSE	1.0	4.0	6.0				7.0						False	73.06	15.27		152	219.1875	4.5625	62.5	A	5.0	0	-3
66	NZD_JPY 05NOV2017H12	2017-05-11 22:00:00	short	H12	78.722	0	4	4,4,1,1	395	17	8	0	63.0	3985.0	2017-01-05 00:00:00	0	260.0	FALSE	1.0	4.0	6.0				58.0						False	83.02	8.23	5.42	126	63.25396825396825	1.3174603174603174	26.984126984126984	A	2.125	10	-3
67	NZD_JPY 05JUL2012H12	2012-05-07 10:00:00	long	H12	64.321	0	1	1	560	9	2	0	47.0	5789.0	2012-01-05 00:00:00	0		FALSE	1.0	4.0	6.0				43.0						False	120.6	11.67		123	123.17021276595744	2.5531914893617023	19.148936170212767	A	4.5	1	-4
68	NZD_JPY 04JUN2009H12	2009-04-06 10:00:00	long	H12	61.504	0	2	1,2	2500	10	2	0	53.0	8086.0	2008-01-10 00:00:00	0		TRUE	4.0	4.0	6.0				50.0						False	168.46	52.08		452	152.56603773584905	3.169811320754717	18.867924528301888	A	5.0	3	-12
69	GBP_USD 28JUL2011H12	2011-07-28 10:00:00	long	H12	1.63811	0	1	1	1260	6	5	0	23.0	5442.0	2011-01-05 00:00:00	0	1700.0	FALSE	2.0	4.0	6.0				25.0	4.0	3.0	17,9	59.0		False	113.38	26.25	35.42	204	236.6086956521739	4.913043478260869	26.08695652173913	A	1.2	1	0
70	GBP_USD 25JUN2013H12	2013-06-25 10:00:00	long	H12	1.54614	0	3	2,4,3	3875	28	1	0	38.0	4417.0	2013-01-02 00:00:00	0		TRUE	3.0	4.0	6.0				39.0	15.0	2.0	36	38.0		True	92.02	80.73		174	116.23684210526316	2.4210526315789473	73.6842105263158	A	28.0	9	-10
71	GBP_USD 23SEP2013H12	2013-09-23 10:00:00	long	H12	1.6048799999999999	0	4	9,3,4,1	1660	7	3	0	107.0	11948.0	2013-01-01 00:00:00	0	280.0	TRUE	3.0	4.0	6.0				108.0	5.0	3.0	24,10	33.0		False	248.92	34.58	5.83	265	111.66355140186916	2.317757009345794	6.542056074766355	A	2.3333333333333335	17	-4
72	GBP_USD 23FEB2010H12	2010-02-23 10:00:00	short	H12	1.54092	1	2	1,5	1360	6	2	0	49.0	9820.0	2009-01-05 00:00:00	0		TRUE	1.0	4.0	6.0				48.0	5.0	2.0	9	40.0		False	204.58	28.33		414	200.40816326530611	4.163265306122449	12.244897959183673	A	3.0	6	-1
73	GBP_USD 22MAY2009H12	2009-05-22 10:00:00	long	H12	1.58897	1	1	2	1	5	1	1	104.0	22418.0	2008-01-11 00:00:00	0		FALSE	1.0	4.0	6.0				104.0	4.0	2.0	5	37.0		False	467.04	0.02		497	215.55769230769232	4.490384615384615	4.8076923076923075	A	5.0	2	12
74	GBP_USD 13JAN2012H12	2012-01-13 10:00:00	short	H12	1.53067	0	2	3,1	1150	5	3	0	108.0	8209.0	2010-01-07 00:00:00	0		TRUE	1.0	4.0	6.0				110.0	70.0	3.0	5,11	38.0		False	171.02	23.96		736	76.00925925925925	1.5833333333333333	4.62962962962963	A	1.6666666666666667	4	-15
75	GBP_USD 12SEP2014H12	2014-12-09 10:00:00	short	H12	1.6208	0	11	11,1,2,2,4,2,5,7,1,9,1	2140	10	2	0	86.0	9342.0	2013-01-11 00:00:00	0	2300.0	FALSE	3.0	4.0	6.0				88.0	5.0	2.0	18	55.0		True	194.62	44.58	47.92	697	108.62790697674419	2.255813953488372	11.627906976744185	A	5.0	45	-8
76	GBP_USD 11SEP2012H12	2012-11-09 10:00:00	long	H12	1.60327	1	2	1,1	440	5	1	1	55.0	5347.0	2012-01-05 00:00:00	0		FALSE	5.0	4.0	6.0				83.0	4.0	2.0	7	39.0		True	111.4	9.17		309	97.21818181818182	2.018181818181818	9.090909090909092	A	5.0	2	9
77	GBP_USD 04JUL2013H12	2013-04-07 10:00:00	short	H12	1.52265	1	2	1,1	1400	9	3	1	25.0	4950.0	2013-01-05 00:00:00	0		FALSE	1.0	4.0	6.0				23.0	4.0	3.0	12,5	60.0		True	103.12	29.17		92	198.0	4.12	36.0	A	3.0	2	6
80	GBP_JPY 27JAN2008H12	2008-01-27 22:00:00	short	H12	210.952	1	4	2,6,1,7	6100	21	2	0	42.0	16595.0	2006-01-05 00:00:00	0		FALSE	2.0	4.0	6.0				35.0						False	345.73	127.08		752	395.1190476190476	8.214285714285714	50.0	A	10.5	16	-4
81	GBP_JPY 23FEB2012H12	2012-02-23 10:00:00	long	H12	126.0	1	3	8,1,4	1000	9	3	1	55.0	8584.0	2011-01-08 00:00:00	0		FALSE	5.0	4.0	6.0				50.0						True	178.83	20.83		411	156.07272727272726	3.2363636363636363	16.363636363636363	A	3.0	13	11
82	GBP_JPY 22APR2008H12	2008-04-22 10:00:00	long	H12	205.15	1	0	0	4607	5	1	0	50.0	10553.0	2008-01-02 00:00:00	0		FALSE	1.0	4.0	6.0				49.0						False	219.85	95.98		111	211.06	4.38	10.0	A	5.0	0	-4
83	GBP_JPY 21OCT2014H12	2014-10-21 22:00:00	short	H12	171.84	0	1	7	4391	13	2	0	29.0	5874.0	2014-01-02 00:00:00	0		FALSE	1.0	4.0	6.0				20.0						True	122.38	91.48		292	202.55172413793105	4.206896551724138	44.827586206896555	A	6.5	7	-3
84	GBP_JPY 20SEP2018H12	2018-09-20 10:00:00	long	H12	148.32399999999998	1	4	4,2,1	950	5	1	1	45.0	7364.0	2018-01-05 00:00:00	0		FALSE	1.0	4.0	6.0											153.42	19.79		258	163.64444444444445	3.4	11.11111111111111	A	5.0	7	3
90	GBP_JPY 05MAY2015H12	2015-05-05 10:00:00	long	H12	182.051	0	1	5	2730	10	3	0	29.0	7283.0	2015-01-01 00:00:00	0	505.0	TRUE	2.0	4.0	6.0				22.0						True	151.73	56.88	10.52	124	251.13793103448276	5.206896551724138	34.48275862068966	A	3.3333333333333335	5	5
94	GBP_AUD 26MAR2012H12	2012-03-26 22:00:00	long	H12	1.51755	1	1	6	1437	8	2	0	57.0	6104.0	2011-01-12 00:00:00	0		TRUE	6.0	4.0	6.0				53.0	4.0	3.0	9,9	43.0		False	127.17	29.94		439	107.08771929824562	2.2280701754385963	14.035087719298245	A	4.0	6	2
95	GBP_AUD 25APR2017H12	2017-04-25 10:00:00	long	H12	1.7008400000000001	1	1	6	2023	11	1	1	56.0	10992.0	2016-01-09 00:00:00	0		FALSE	2.0	4.0	6.0				50.0	6.0	6.0	12,9,13,13,5	51.0		False	229.0	42.15		472	196.28571428571428	4.089285714285714	19.642857142857142	A	11.0	6	14
96	GBP_AUD 24MAY2010H12	2010-05-24 22:00:00	long	H12	1.7474900000000002	0	1	3	4675	6	2	1	12.0	12009.0	2010-01-02 00:00:00	0	2665.0	FALSE	0.0	4.0	6.0				15.0	4.0	2.0	7	74.0		True	250.19	97.4	55.52	142	1000.75	20.833333333333332	50.0	A	3.0	3	17
98	GBP_AUD 20MAY2013H12	2013-05-20 22:00:00	long	H12	1.55768	0	3	3,2,3	1890	7	1	0	66.0	11508.0	2012-01-10 00:00:00	0	978.0	TRUE	6.0	4.0	6.0				67.0	4.0	7.0	6,8,7,6,6,7,17	41.0		True	239.75	39.38	20.38	496	174.36363636363637	3.621212121212121	10.606060606060606	A	7.0	8	-4
99	GBP_AUD 17SEP2008H12	2008-09-17 10:00:00	long	H12	2.25265	1	4	1,4,5,1	5100	5	1	0	83.0	21039.0	2008-01-01 00:00:00	0		FALSE	3.0	4.0	6.0				83.0	3.0	2.0	7	38.0		False	438.31	106.25		260	253.48192771084337	5.27710843373494	6.024096385542169	A	5.0	11	-6
101	GBP_AUD 07OCT2011H12	2011-07-10 10:00:00	long	H12	1.5900100000000001	0	2	7,1	5575	14	4	0	42.0	8694.0	2011-01-08 00:00:00	0		FALSE	1.0	4.0	6.0				43.0	7.0	4.0	24,5,12	42.0		True	181.12	116.15		183	207.0	4.309523809523809	33.333333333333336	A	3.5	8	-7
102	GBP_AUD 07MAY2012H12	2012-07-05 22:00:00	long	H12	1.58899	1	4	1,1,8,5	780	4	1	1	117.0	13493.0	2011-01-11 00:00:00	0		FALSE	1.0	4.0	6.0				116.0	48.0	3.0	5,5	33.0		True	281.1	16.25		541	115.32478632478633	2.4017094017094016	3.4188034188034186	A	4.0	15	8
103	GBP_AUD 05DEC2017H12	2017-05-12 10:00:00	long	H12	1.7691599999999998	0	5	4,1,1,3,5	3415	11	13	0	124.0	13714.0	2016-01-06 00:00:00	0		TRUE	2.0	4.0	6.0				126.0	5.0	4.0	34,11,20	30.0		False	285.71	71.15		492	110.59677419354838	2.2983870967741935	8.870967741935484	A	0.8461538461538461	14	-8
104	GBP_AUD 04FEB2009H12	2009-04-02 10:00:00	long	H12	2.2538099999999996	0	2	2,4	5920	7	4	0	43.0	21539.0	2008-01-12 00:00:00	0		FALSE	1.0	4.0	6.0				44.0	4.0	3.0	8,6	34.0		False	448.73	123.33		446	500.90697674418607	10.418604651162791	16.27906976744186	A	1.75	6	-5
105	GBP_AUD 03AUG2017H12	2017-03-08 22:00:00	short	H12	1.65028	0	1	11	4540	25	8	0	123.0	11194.0	2017-01-03 00:00:00	0		FALSE	1.0	4.0	6.0				124.0	124.0	3.0	39,50	33.0		False	233.21	94.58		64	91.00813008130082	1.8943089430894309	20.32520325203252	A	3.125	11	-2
106	GBP_AUD 02JUN2016H12	2016-02-06 10:00:00	long	H12	2.00244	0	6	4,4,2,5,4,6	6310	22	1	0	59.0	17284.0	2016-01-02 00:00:00	0		TRUE	2.0	4.0	6.0				61.0	11.0	2.0	61	38.0		True	360.08	131.46		35	292.9491525423729	6.101694915254237	37.28813559322034	A	22.0	25	0
108	EUR_USD 28JUL2017H12	2017-07-28 10:00:00	long	H12	1.17241	1	8	2,1,1,4,1,1,1,4	955	5	7	0	159.0	11352.0	2015-01-01 00:00:00	0		FALSE	4.0	4.0	6.0				294.0	3.0	4.0	4,8,8	29.0		False	236.5	19.9		939	71.39622641509433	1.4842767295597483	3.1446540880503147	A	0.7142857142857143	15	-8
109	EUR_USD 23AUG2013H12	2013-08-23 10:00:00	long	H12	1.33721	0	0	0	1040	8	10	0	65.0	5964.0	2013-01-02 00:00:00	0	2000.0	TRUE	0.0	4.0	6.0				66.0		3.0	12,54	46.0		False	124.25	21.67	41.67	233	91.75384615384615	1.9076923076923078	12.307692307692308	A	0.8	0	-4
110	EUR_USD 22FEB2010H12	2010-02-22 10:00:00	short	H12	1.35824	0	7	1,5,5,4,1,2,2	1760	7	9	0	112.0	15422.0	2009-01-05 00:00:00	0	1500.0	FALSE	2.0	4.0	6.0				115.0	13.0	4.0	7,19,31	38.0		False	321.29	36.67	31.25	413	137.69642857142858	2.8660714285714284	6.25	A	0.7777777777777778	20	-4
111	EUR_USD 19OCT2009H12	2009-10-19 10:00:00	long	H12	1.49532	0	11	3,2,4,1,3,1,1,4,1,1,7	870	8	1	1	327.0	24485.0	2008-01-08 00:00:00	0		FALSE	2.0	4.0	6.0				328.0	3.0	3.0	17,46,23	31.0		False	510.1	18.12		650	74.8776758409786	1.5596330275229358	2.4464831804281344	A	8.0	28	11
115	EUR_USD 12APR2011H12	2011-12-04 10:00:00	long	H12	1.44708	0	4	3,1,1,1	613	5	1	0	132.0	15543.0	2009-01-12 00:00:00	0	2000.0	TRUE	2.0	4.0	6.0				134.0	4.0	8.0	9,12,15,8,24,11,50	34.0		False	323.81	12.77	41.67	1056	117.75	2.446969696969697	3.787878787878788	A	5.0	6	-7
116	EUR_USD 11OCT2011H12	2011-11-10 10:00:00	short	H12	1.35811	0	3	2,1,7	1200	28	12	0	61.0	9657.0	2011-01-01 00:00:00	0		TRUE	2.0	4.0	6.0				62.0	11.0	3.0	5,8	40.0		True	201.19	25.0		313	158.31147540983608	3.2950819672131146	45.90163934426229	A	2.3333333333333335	10	-8
117	EUR_USD 10NOV2014H12	2014-10-11 22:00:00	short	H12	1.24071	0	12	3,8,2,4,7,6,6,3,3,11,4,1	1350	9	9	0	264.0	15304.0	2012-01-08 00:00:00	0	970.0	FALSE	2.0	4.0	6.0				268.0	52.0	3.0	16,13	38.0		False	318.83	28.12	20.21	1007	57.96969696969697	1.2045454545454546	3.409090909090909	A	1.0	58	-9
119	EUR_USD 06JUL2010H12	2010-06-07 10:00:00	long	H12	1.26109	1	0	0	900	6	4	0	41.0	6708.0	2010-01-05 00:00:00	0		FALSE	1.0	4.0	6.0				39.0		2.0	9	35.0		True	139.75	18.75		153	163.609756097561	3.3902439024390243	14.634146341463415	A	1.5	0	-11
122	EUR_JPY 20SEP2012H12	2012-09-20 22:00:00	long	H12	101.719	0	2	8,2	2534	10	2	0	84.0	7139.0	2012-01-05 00:00:00	0	1335.0	FALSE	3.0	4.0	6.0				83.0	4.0	5.0	24,34,13,13	31.0		True	148.73	52.79	27.81	259	84.98809523809524	1.7619047619047619	11.904761904761905	A	5.0	10	-12
123	EUR_JPY 20AUG2008H12	2008-08-20 22:00:00	short	H12	161.459	0	3	3,1,3	1551	6	4	1	19.0	7625.0	2008-01-05 00:00:00	0	380.0	FALSE	0.0	4.0	6.0				19.0	3.0	2.0	19	59.0		True	158.85	32.31	7.92	228	401.3157894736842	8.31578947368421	31.57894736842105	A	1.5	7	7
126	EUR_JPY 11JUN2012H12	2012-11-06 10:00:00	short	H12	100.059	0	9	8,3,4,7,3,4,2,2,1	4929	27	2	0	100.0	10859.0	2012-01-01 00:00:00	0	506.0	FALSE	2.0	4.0	6.0				101.0	11.0	2.0	65	33.0		True	226.23	102.69	10.54	310	108.59	2.26	27.0	A	13.5	34	-2
130	EUR_JPY 02JAN2011H12	2011-02-01 22:00:00	short	H12	108.21600000000001	0	2	3,1	1090	8	7	0	58.0	6436.0	2010-01-09 00:00:00	0	1200.0	FALSE	1.0	4.0	6.0				60.0	6.0	3.0	25,34	37.0		False	134.08	22.71	25.0	388	110.96551724137932	2.310344827586207	13.793103448275861	A	1.1428571428571428	4	-11
131	EUR_JPY 01MAY2008H12	2008-01-05 22:00:00	long	H12	161.851	0	1	5	3497	23	9	0	67.0	7154.0	2007-01-12 00:00:00	0	1950.0	FALSE	1.0	4.0	6.0				68.0	14.0	3.0	27,21	40.0		False	149.04	72.85	40.62	358	106.77611940298507	2.2238805970149254	34.32835820895522	A	2.5555555555555554	5	-4
133	EUR_GBP 30MAY2017H12	2017-05-30 22:00:00	long	H12	0.87113	1	3	2,1,1	760	7	2	0	28.0	3119.0	2016-01-11 00:00:00	0		FALSE	3.0	4.0	6.0				25.0	5.0	4.0	7,8,13	50.0		True	64.98	15.83		505	111.39285714285714	2.2857142857142856	25.0	A	3.5	4	0
134	EUR_GBP 20JUN2011H12	2011-06-20 10:00:00	short	H12	0.8795	0	0	0	1100	9	4	0	16.0	1776.0	2011-01-05 00:00:00	0		TRUE	1.0	4.0	6.0				17.0		2.0	5	52.0		True	37.0	22.92		166	111.0	2.3125	56.25	A	2.25	0	-10
135	EUR_GBP 16MAR2011H12	2011-03-16 21:00:00	long	H12	0.87116	0	1	1	400	4	3	0	42.0	3442.0	2010-01-11 00:00:00	0	20.0	TRUE	2.0	4.0	6.0				37.0	3.0	5.0	10,12,10,4	51.0		False	71.71	8.33	0.42	429	81.95238095238095	1.6904761904761905	9.523809523809524	A	1.3333333333333333	1	8
136	EUR_GBP 15MAR2011H12	2011-03-15 09:00:00	long	H12	0.8677	1	0	0	300	5	1	0	39.0	3081.0	2010-01-11 00:00:00	0		FALSE	2.0	4.0	6.0				32.0		4.0	5,12,15	41.0		True	64.19	6.25		428	79.0	1.641025641025641	12.820512820512821	A	5.0	0	3
137	EUR_CAD 15OCT2018H12	2018-10-15 10:00:00	long	H12	1.5083	0	0	0	926	7	1	0	14.0	2919.0	2018-01-09 00:00:00	0	2307.0	TRUE	1.0	4.0	6.0											60.81	19.29	48.06	279	208.5	4.285714285714286	50.0	A	7.0	0	0
151	AUD_USD 29MAY2012H12	2012-05-29 22:00:00	short	H12	0.98075	1	5	4,4,4,3,3	1500	12	6	0	128.0	10704.0	2011-01-11 00:00:00	0		FALSE	0.0	4.0	6.0	1.0			118.0	8.0	2.0	44	42.0		False	223.0	31.25		504	83.625	1.7421875	9.375	A	2.0	18	-6
153	AUD_USD 25APR2016H12	2016-04-25 22:00:00	long	H12	0.77356	0	6	1,2,2,1,2,2	1400	11	6	0	137.0	8990.0	2015-01-05 00:00:00	0		FALSE	3.0	4.0	6.0	1.0			140.0	7.0	4.0	22,58,25	45.0		False	187.29	29.17		476	65.62043795620438	1.364963503649635	8.02919708029197	A	1.8333333333333333	10	-11
157	AUD_USD 22APR2014H12	2014-04-22 10:00:00	long	H12	0.9368700000000001	0	3	1,6	1324	22	6	0	123.0	7028.0	2013-01-11 00:00:00	0		FALSE	4.0	4.0	6.0	1.0			124.0	11.0	3.0	45,13	30.0		False	146.42	27.58		466	57.13821138211382	1.1869918699186992	17.88617886178862	A	3.6666666666666665	7	-6
160	AUD_USD 18MAY2017H12	2017-05-18 22:00:00	short	H12	0.74116	0	3	3,2,1	1160	24	2	0	85.0	3387.0	2017-01-05 00:00:00	0		TRUE	3.0	4.0	6.0	1.0			86.0	15.0	6.0	23,11,10,24,15	32.0		False	70.56	24.17		133	39.84705882352941	0.8235294117647058	28.235294117647058	A	12.0	6	-1
164	AUD_USD 16FEB2012H12	2012-02-16 22:00:00	long	H12	1.0780100000000001	0	1	2	1690	20	21	0	119.0	10863.0	2011-01-08 00:00:00	0		FALSE	7.0	4.0	6.0	0.0			119.0	32.0	7.0	47,10,14,15,6,27	29.0		False	226.31	35.21		404	91.28571428571429	1.8991596638655461	16.80672268907563	A	0.9523809523809523	2	2
165	AUD_USD 14JUN2016H12	2016-06-14 22:00:00	long	H12	0.73835	0	2	1,2	1480	13	3	0	23.0	2245.0	2016-01-05 00:00:00	0	421.0	FALSE	2.0	4.0	6.0											46.77	30.83	8.77	161	97.6086956521739	2.0	56.52173913043478	A	4.333333333333333	3	-8
167	AUD_USD 12MAY2016H12	2016-12-05 10:00:00	short	H12	0.73168	1	1	4	715	8	6	0	29.0	4857.0	2015-01-07 00:00:00	0		FALSE	1.0	4.0	6.0											101.19	14.9		698	167.48275862068965	3.4827586206896552	27.586206896551722	A	1.3333333333333333	4	-6
169	AUD_USD 10NOV2014H12	2014-10-11 22:00:00	short	H12	0.85992	0	6	9,2,3,1,7,2	1430	8	1	0	92.0	7671.0	2010-01-07 00:00:00	0	1080.0	FALSE	1.0	4.0	6.0	0.0			94.0	58.0	4.0	6,6,4	40.0		False	159.81	29.79	22.5	1738	83.3804347826087	1.7282608695652173	8.695652173913043	A	8.0	24	-10
174	AUD_USD 05APR2018H12	2018-05-04 22:00:00	short	H12	0.76672	0	1	1	550	15	8	0	92.0	4376.0	2017-01-12 00:00:00	0	700.0	TRUE	1.0	4.0	6.0				93.0	80.0	6.0	14,6,12,35,26	32.0		False	91.17	11.46	14.58	477	47.56521739130435	0.9891304347826086	16.304347826086957	A	1.875	1	-5
175	AUD_USD 04JUL2017H12	2017-04-07 22:00:00	long	H12	0.7620899999999999	0	4	1,1,1,2	1070	9	7	0	45.0	2430.0	2017-01-03 00:00:00	0	163.0	FALSE	2.0	4.0	6.0											50.62	22.29	3.4	94	54.0	1.1111111111111112	20.0	A	1.2857142857142858	5	-2
176	AUD_USD 04AUG2015D	2015-04-08 22:00:00	short	H12	0.73678	0	2	4,7	1540	17	13	0	117.0	7965.0	2009-01-04 00:00:00	0	60.0	TRUE	4.0	4.0	6.0	0.0			118.0	40.0	3.0	47,18	18.0		False	165.94	32.08	1.25	2285	68.07692307692308	1.4102564102564104	14.52991452991453	A	1.3076923076923077	11	-7
177	AUD_USD 03NOV2017H12	2017-03-11 09:00:00	short	H12	0.7678	1	1	5	880	13	3	0	81.0	4499.0	2017-01-07 00:00:00	0		FALSE	3.0	4.0	6.0	0.0			71.0	11.0	4.0	28,34,16	37.0		False	93.73	18.33		63	55.54320987654321	1.1481481481481481	16.049382716049383	A	4.333333333333333	5	0
178	AUD_USD 03JAN2018H12	2018-03-01 10:00:00	long	H12	0.78414	1	0	0	224	4	2	1	30.0	3342.0	2017-01-09 00:00:00	0		FALSE	3.0	4.0	6.0											69.62	4.67		416	111.4	2.3	13.333333333333334	A	2.0	0	20
179	AUD_USD 02MAY2006H12	2006-02-05 10:00:00	long	H12	0.76158	1	2	1,3	590	5	3	1	48.0	5673.0	2005-01-09 00:00:00	0		FALSE	4.0	4.0	6.0											118.19	12.29		392	118.1875	2.4583333333333335	10.416666666666666	A	1.6666666666666667	4	8
191	USD_JPY 23JAN2013H12	2013-01-23 22:00:00	long	H12	88.87100000000001	1	11	1,6,14,6,4,5,1,1,1,3,6	2100	12	4	0	163.0	11338.0	2010-01-06 00:00:00	1		FALSE	1.0	4.0	5.0	0.0	31.0		164.0	7.0	3.0	41,16	23.0		True	236.21	43.75		1113	69.55828220858896	1.4478527607361964	7.361963190184049	A	3.0	48	5
192	USD_JPY 18JAN2018H12	2018-01-18 10:00:00	short	H12	111.04799999999999	1	1	5	1080	11	2	0	18.0	2174.0	2017-01-09 00:00:00	1		FALSE	0.0	4.0	10.0		29.0		17.0	3.0	2.0	16	57.0		True	45.29	22.5		374	120.77777777777777	2.5	61.111111111111114	A	5.5	5	17
193	USD_JPY 17OCT2018H12	2018-10-17 10:00:00	short	H12	112.137	0	1	1	590	6	5	0	18.0	2275.0	2018-01-09 00:00:00	1		TRUE	1.0	13.0	10.0		29.0									47.4	12.29		281	126.38888888888889	2.611111111111111	33.333333333333336	P	1.2	1	-8
198	USD_JPY 10NOV2014H12	2014-10-11 22:00:00	long	H12	114.944	1	1	13	1361	9	3	1	16.0	6961.0	2011-01-01 00:00:00	1		FALSE	1.0	0.0	1.0											145.02	28.35		1379	435.0625	9.0625	56.25	A	3.0	13	22
199	USD_JPY 07MAR2007H12	2007-07-03 10:00:00	short	H12	116.225	0	2	5,1	1295	6	1	0	16.0	5377.0	2006-01-12 00:00:00	1		FALSE	1.0	5.0	7.0	1.0		1.0								112.02	26.98		537	336.0625	7.0	37.5	A	6.0	6	-2
200	USD_JPY 06JAN2010H12	2010-06-01 10:00:00	long	H12	92.43299999999999	0	3	6,4,1	1129	12	4	0	51.0	5894.0	2009-01-08 00:00:00	1		TRUE	2.0	3.0	6.0											122.79	23.52		509	115.56862745098039	2.392156862745098	23.529411764705884	A	3.0	11	6
204	USD_JPY 04JUL2013H12	2013-04-07 10:00:00	long	H12	100.135	1	0	0	1080	5	2	0	26.0	6036.0	2013-01-05 00:00:00	1		FALSE	2.0	0.0	3.0											125.75	22.5		92	232.15384615384616	4.8076923076923075	19.23076923076923	A	2.5	0	16
206	USD_CHF_02OCT2018H12	2018-02-10 23:00:00	long	H12	0.9858600000000001	1	1	1	188	4	1	0	13.0	2986.0	2018-01-08 00:00:00	1		FALSE	1.0	7.0	9.0											62.21	3.92		33	229.69230769230768	4.769230769230769	30.76923076923077	A	4.0	1	22
207	USD_CHF 30APR2018H12	2018-04-30 10:00:00	long	H12	0.9900399999999999	1	0	0	462	5	1	1	101.0	7031.0	2017-01-11 00:00:00	1		FALSE	1.0	9.0	12.0				100.0		2.0	20	34.0		False	146.48	9.62		474	69.61386138613861	1.4455445544554455	4.9504950495049505	A	5.0	0	16
208	USD_CHF 29MAY2007H12	2007-05-29 22:00:00	long	H12	1.22569	0	0	0	1021	17	2	0	49.0	2559.0	2007-01-02 00:00:00	1	464.0	TRUE	3.0	4.0	8.0				50.0		5.0	19,13,11,6	28.0		False	53.31	21.27	9.67	147	52.224489795918366	1.0816326530612246	34.69387755102041	A	8.5	0	13
209	USD_CHF 27JAN2009H12	2009-01-27 10:00:00	long	H12	1.1426100000000001	1	1	1	3433	12	3	0	41.0	9481.0	2008-01-12 00:00:00	1		FALSE	2.0	2.0	2.0				39.0	5.0	5.0	11,10,10,5	56.0		False	197.52	71.52		381	231.2439024390244	4.804878048780488	29.26829268292683	U	4.0	1	23
211	USD_CHF 23DEC2008H12	2008-12-23 10:00:00	short	H12	1.08817	1	1	5	6456	9	3	0	22.0	12993.0	2008-01-08 00:00:00	1		FALSE	0.0	3.0	2.0				18.0	7.0	2.0	13	77.0		True	270.69	134.5		350	590.5909090909091	12.272727272727273	40.90909090909091	P	3.0	5	4
212	USD_CHF 22NOV2016H12	2016-11-22 10:00:00	long	H12	1.01177	1	1	4	531	6	4	1	23.0	4305.0	2016-01-02 00:00:00	1		FALSE	3.0	1.0	4.0				21.0	3.0	4.0	5,7,10	61.0		True	89.69	11.06		325	187.17391304347825	3.869565217391304	26.08695652173913	A	1.5	4	23
213	USD_CHF 22MAY2015H12	2015-05-22 10:00:00	long	H12	0.9380799999999999	0	0	0	723	7	5	0	18.0	1952.0	2015-01-04 00:00:00	1	105.0	FALSE	0.0	7.0	6.0				12.0		2.0	11	40.0		True	40.67	15.06	2.19	138	108.44444444444444	2.2222222222222223	38.888888888888886	P	1.4	0	-1
214	USD_CHF 19SEP2010H12	2010-09-19 22:00:00	short	H12	1.00433	1	3	1,23,4	2274	11	15	0	149.0	15891.0	2008-01-03 00:00:00	1		FALSE	2.0	3.0	8.0				145.0	8.0	4.0	11,27,16	39.0		False	331.06	47.38		990	106.6510067114094	2.221476510067114	7.382550335570469	A	0.7333333333333333	28	4
216	USD_CHF 14OCT2016H12	2016-10-14 10:00:00	long	H12	0.9890200000000001	0	1	1	471	7	1	0	20.0	2323.0	2016-01-03 00:00:00	1	90.0	FALSE	2.0	5.0	5.0				21.0	5.0	4.0	7,4,8	58.0		True	48.4	9.81	1.88	285	116.15	2.4	35.0	U	7.0	1	15
217	USD_CHF 12MAY2016H12	2016-12-05 22:00:00	long	H12	0.9721700000000001	1	0	0	780	8	2	0	14.0	2591.0	2016-01-03 00:00:00	1		TRUE	0.0	6.0	5.0				12.0		2.0	15	56.0		True	53.98	16.25		337	185.07142857142858	3.7857142857142856	57.142857142857146	P	4.0	0	6
219	USD_CHF 10SEP2013H12	2013-10-09 10:00:00	long	H12	0.9345600000000001	0	1	2	1268	13	3	0	18.0	1628.0	2013-01-07 00:00:00	1		FALSE	0.0	8.0	10.0				19.0	5.0	2.0	16	45.0		True	33.92	26.42		275	90.44444444444444	1.8333333333333333	72.22222222222223	A	4.333333333333333	2	11
220	USD_CHF 10AUG2007H12	2007-10-08 10:00:00	long	H12	1.19949	1	0	0	434	7	5	0	8.0	1282.0	2007-01-04 00:00:00	1		FALSE	0.0	4.0	6.0				4.0		2.0	7	76.0		True	26.71	9.04		277	160.25	3.25	87.5	A	1.4	0	12
221	USD_CHF 06JUN2014H12	2014-06-06 10:00:00	long	H12	0.89351	1	1	1	863	24	11	0	41.0	1942.0	2014-01-02 00:00:00	1		TRUE	0.0	4.0	6.0				36.0	33.0	2.0	41	56.0		False	40.46	17.98		155	47.36585365853659	0.975609756097561	58.53658536585366	A	2.1818181818181817	1	18
222	USD_CHF 04SEP2008H12	2008-04-09 22:00:00	long	H12	1.11422	1	6	2,3,4,3,1,1	1440	7	9	0	72.0	10475.0	2008-01-01 00:00:00	1		FALSE	3.0	4.0	6.0				72.0	26.0	4.0	53,10,8	35.0		False	218.23	30.0		99	145.48611111111111	3.0277777777777777	9.722222222222221	A	0.7777777777777778	14	7
224	USD_CHF 03FEB2010H12	2010-03-02 22:00:00	long	H12	1.06071	1	2	2,1	1436	8	4	0	30.0	4693.0	2009-01-08 00:00:00	1		FALSE	2.0	4.0	6.0				24.0	7.0	3.0	22,6	60.0		True	97.77	29.92		418	156.43333333333334	3.2333333333333334	26.666666666666668	A	2.0	3	7
226	USD_CAD 30OCT2009H12	2009-10-30 09:00:00	long	H12	1.07131	1	0	0	1520	6	3	0	22.0	4578.0	2009-01-10 00:00:00	1		FALSE	1.0	4.0	6.0				21.0		3.0	8,6	65.0		True	95.38	31.67		293	208.0909090909091	4.318181818181818	27.272727272727273	A	2.0	0	10
227	USD_CAD 30MAY2012H12	2012-05-30 10:00:00	long	H12	1.02701	1	2	4,3	910	12	2	1	44.0	4694.0	2011-01-12 00:00:00	1		FALSE	2.0	4.0	6.0				41.0	6.0	4.0	22,14,6	59.0		True	97.79	18.96		504	106.68181818181819	2.2045454545454546	27.272727272727273	A	6.0	7	23
231	USD_CAD 29MAR2010H12	2010-03-29 09:00:00	short	H12	1.02149	1	1	8	1784	23	4	0	68.0	5467.0	2008-01-07 00:00:00	1		FALSE	1.0	4.0	6.0											113.9	37.17		812	80.3970588235294	1.661764705882353	33.8235294117647	A	5.75	8	5
232	USD_CAD 28JUL2017H12	2017-07-28 09:00:00	short	H12	1.25085	0	7	22,1,3,9,1,5,1	1220	9	1	1	120.0	12520.0	2015-01-06 00:00:00	1	2050.0	FALSE	4.0	4.0	6.0											260.83	25.42	42.71	934	104.33333333333333	2.1666666666666665	7.5	A	9.0	42	19
234	USD_CAD 26OCT2011H12	2011-10-26 10:00:00	short	H12	1.0125600000000001	1	0	0	1705	8	5	0	32.0	4402.0	2010-01-12 00:00:00	1		FALSE	0.0	4.0	6.0				31.0		2.0	31	56.0		False	91.71	35.52		652	137.5625	2.84375	25.0	A	1.6	0	14
235	USD_CAD 25JUL2012H12	2012-07-25 10:00:00	short	H12	1.01738	1	1	2	1630	18	7	0	73.0	2696.0	2012-01-01 00:00:00	1		FALSE	1.0	4.0	6.0				68.0	73.0	3.0	37,37	38.0		False	56.17	33.96		206	36.93150684931507	0.7671232876712328	24.65753424657534	A	2.5714285714285716	2	14
242	USD_CAD 12MAY2016H12	2016-12-05 21:00:00	long	H12	1.2863200000000001	1	0	0	1856	12	4	0	14.0	3648.0	2016-01-04 00:00:00	1		FALSE	0.0	4.0	6.0											76.0	38.67		336	260.57142857142856	5.428571428571429	85.71428571428571	A	3.0	0	25
244	USD_CAD 09OCT2018H12	2018-09-10 10:00:00	long	H12	1.29839	0	0	0	516	4	3	0	11.0	1643.0	2018-01-09 00:00:00	1	401.0	TRUE	0.0	4.0	6.0											34.23	10.75	8.35	244	149.36363636363637	3.090909090909091	36.36363636363637	A	1.3333333333333333	0	13
255	NZD_JPY 30JAN2012H12	2012-01-30 22:00:00	long	H12	62.893	1	2	9,1	1170	10	1	0	93.0	5604.0	2011-01-09 00:00:00	1		FALSE	2.0	4.0	6.0				90.0						False	116.75	24.38		386	60.25806451612903	1.2473118279569892	10.75268817204301	A	10.0	10	7
256	NZD_JPY 29NOV2016H12	2016-11-29 10:00:00	long	H12	79.869	1	2	3,3	567	8	1	1	68.0	6868.0	2015-01-12 00:00:00	1		FALSE	4.0	4.0	6.0				67.0						True	143.08	11.81		687	101.0	2.1029411764705883	11.764705882352942	A	8.0	6	24
257	NZD_JPY 27DEC2018H12	2018-12-27 22:00:00	short	H12	73.956	1	1	5	266	3	2	1	10.0	2988.0	2018-01-10 00:00:00	1		FALSE	0.0	4.0	6.0											62.25	5.54		351	298.8	6.2	30.0	A	1.5	5	42
258	NZD_JPY 25SEP2018H12	2018-09-25 10:00:00	long	H12	75.119	0	1	4	573	7	1	0	22.0	2609.0	2018-01-08 00:00:00	1		FALSE	1.0	4.0	6.0											54.35	11.94		260	118.5909090909091	2.4545454545454546	31.818181818181817	A	7.0	4	9
259	NZD_JPY 22MAY2012H12	2012-05-22 22:00:00	short	H12	60.161	1	1	23	1090	8	1	1	34.0	5648.0	2012-01-01 00:00:00	1		FALSE	2.0	4.0	6.0				33.0						True	117.67	22.71		142	166.11764705882354	3.4411764705882355	23.529411764705884	A	8.0	23	28
260	NZD_JPY 20FEB2008H12	2008-02-20 22:00:00	long	H12	86.39399999999999	1	0	0	540	6	4	0	43.0	7461.0	2007-01-12 00:00:00	1		FALSE	1.0	4.0	6.0				40.0						True	155.44	11.25		404	173.51162790697674	3.604651162790698	13.953488372093023	A	1.5	0	7
261	NZD_JPY 15JUL2018H12	2018-07-15 22:00:00	long	H12	76.081	1	0	0	522	5	3	0	17.0	1919.0	2018-01-06 00:00:00	1		FALSE	1.0	4.0	6.0				15.0						True	39.98	10.88		190	112.88235294117646	2.2941176470588234	29.41176470588235	A	1.6666666666666667	0	6
262	NZD_JPY 14OCT2015H12	2015-10-14 10:00:00	long	H12	80.672	1	2	6,2	1440	9	1	0	27.0	5338.0	2015-01-08 00:00:00	1		FALSE	0.0	4.0	6.0				27.0						True	111.21	30.0		279	197.7037037037037	4.111111111111111	33.333333333333336	A	9.0	8	6
263	NZD_JPY 13OCT2011H12	2011-10-13 22:00:00	long	H12	61.233000000000004	1	0	0	1050	4	1	0	15.0	3631.0	2011-01-09 00:00:00	1		FALSE	2.0	4.0	6.0				12.0						True	75.65	21.88		277	242.06666666666666	5.0	26.666666666666668	A	4.0	0	21
264	NZD_JPY 11MAR2010H12	2010-11-03 22:00:00	long	H12	63.541000000000004	1	0	0	1010	6	5	0	10.0	2642.0	2010-01-01 00:00:00	1		TRUE	0.0	4.0	6.0				8.0						True	55.04	21.04		306	264.2	5.5	60.0	A	1.2	0	18
265	NZD_JPY 11FEB2010H12	2010-11-02 22:00:00	short	H12	62.398999999999994	0	6	1,1,2,2,2,2	2370	12	1	0	40.0	6003.0	2009-01-11 00:00:00	1	1378.0	FALSE	2.0	4.0	6.0				39.0						False	125.06	49.38	28.71	660	150.075	3.125	30.0	A	12.0	10	9
266	NZD_JPY 07MAY2012H12	2012-07-05 22:00:00	short	H12	63.255	1	0	0	500	4	1	1	67.0	5574.0	2012-01-01 00:00:00	1		FALSE	1.0	4.0	6.0	0.0			66.0					17,63	False	116.12	10.42		186	83.19402985074628	1.7313432835820894	5.970149253731344	A	4.0	0	24
267	NZD_JPY 07AUG2008H12	2008-07-08 22:00:00	short	H12	78.06	1	1	2	1080	11	7	1	23.0	3573.0	2007-01-08 00:00:00	1		FALSE	0.0	4.0	6.0				19.0						False	74.44	22.5		547	155.34782608695653	3.217391304347826	47.82608695652174	A	1.5714285714285714	2	29
268	NZD_JPY 06AUG2012H12	2012-06-08 22:00:00	long	H12	64.346	0	0	0	280	4	1	0	17.0	2927.0	2012-01-05 00:00:00	1		FALSE	1.0	4.0	6.0				16.0						False	60.98	5.83		155	172.1764705882353	3.5294117647058822	23.529411764705884	A	4.0	0	15
269	NZD_JPY 05NOV2010H12	2010-05-11 09:00:00	long	H12	64.351	0	0	0	300	3	1	1	9.0	3487.0	2010-01-05 00:00:00	1		FALSE	1.0	4.0	6.0				8.0						True	72.65	6.25		126	387.44444444444446	8.0	33.333333333333336	A	3.0	0	30
270	NZD_JPY 02OCT2007H12	2007-02-10 22:00:00	long	H12	88.37100000000001	1	1	2	1044	5	2	0	33.0	10426.0	2007-01-08 00:00:00	1		FALSE	2.0	4.0	6.0	0.0			31.0					30	True	217.21	21.75		33	315.93939393939394	6.575757575757576	15.151515151515152	A	2.5	2	18
273	GBP_USD 26DEC2012H12	2012-12-26 22:00:00	long	H12	1.61725	0	2	1,3	1870	15	11	0	55.0	3438.0	2012-01-09 00:00:00	1	300.0	FALSE	1.0	4.0	6.0				58.0	6.0	3.0	21,33	25.0		True	71.62	38.96	6.25	352	62.50909090909091	1.290909090909091	27.272727272727273	A	1.3636363636363635	4	8
274	GBP_USD 22JAN2018H12	2018-01-22 10:00:00	long	H12	1.3935	1	4	7,3,2,3	970	5	1	1	95.0	8323.0	2016-01-06 00:00:00	1		TRUE	0.0	4.0	6.0				106.0	3.0	2.0	7	31.0		False	173.4	20.21		747	87.61052631578947	1.8210526315789475	5.2631578947368425	A	5.0	15	22
275	GBP_USD 14FEB2011H12	2011-02-14 22:00:00	long	H12	1.6093	1	1	1	2550	21	4	0	67.0	6859.0	2010-01-01 00:00:00	1		TRUE	1.0	4.0	6.0				53.0	39.0	3.0	20,7	50.0		False	142.9	53.12		409	102.3731343283582	2.1194029850746268	31.34328358208955	A	5.25	1	6
276	GBP_USD 10JUN2013H12	2013-10-06 22:00:00	long	H12	1.55903	1	1	2	1490	6	1	0	17.0	5656.0	2013-01-02 00:00:00	1		TRUE	2.0	4.0	6.0				13.0	4.0	2.0	16	71.0		True	117.83	31.04		277	332.70588235294116	6.882352941176471	35.294117647058826	A	6.0	2	8
277	GBP_USD 09SEP2015H12	2015-09-09 22:00:00	short	H12	1.53477	0	7	6	2240	14	5	0	22.0	4432.0	2015-01-04 00:00:00	1	2400.0	TRUE	0.0	4.0	6.0				23.0	1.0	2.0	22	60.0		True	92.33	46.67	50.0	248	201.45454545454547	4.181818181818182	63.63636363636363	A	2.8	6	16
278	GBP_USD 04JUN2015H12	2015-04-06 22:00:00	short	H12	1.53306	0	0	0	2140	13	3	0	29.0	4494.0	2015-01-04 00:00:00	1		FALSE	1.0	4.0	6.0				30.0		3.0	18,9	48.0		True	93.62	44.58		92	154.9655172413793	3.206896551724138	44.827586206896555	A	4.333333333333333	0	5
279	GBP_JPY 29NOV2016H12	2016-11-29 10:00:00	long	H12	140.505	1	5	5,4,4,3,5	2740	9	1	0	36.0	13887.0	2016-01-06 00:00:00	1		TRUE	1.0	4.0	6.0				31.0						True	289.31	57.08		328	385.75	8.027777777777779	25.0	A	9.0	21	9
280	GBP_JPY 29MAR2007H12	2007-03-29 10:00:00	long	H12	231.02	1	0	0	3420	16	1	0	34.0	9207.0	2007-01-02 00:00:00	1		FALSE	0.0	4.0	6.0				30.0						False	191.81	71.25		86	270.79411764705884	5.617647058823529	47.05882352941177	A	16.0	0	18
282	GBP_JPY 26JAN2016H12	2016-01-26 10:00:00	long	H12	168.85299999999998	1	0	0	2080	6	1	1	5.0	4434.0	2016-01-01 00:00:00	1		FALSE	0.0	4.0	6.0				4.0						True	92.38	43.33		25	886.8	18.4	120.0	A	6.0	0	26
285	GBP_JPY 17FEB2015H12	2015-02-17 10:00:00	long	H12	182.66099999999997	1	0	0	2050	10	1	0	19.0	6325.0	2015-01-01 00:00:00	1		FALSE	0.0	4.0	6.0				15.0						True	131.77	42.71		47	332.89473684210526	6.894736842105263	52.63157894736842	A	10.0	0	14
288	GBP_JPY 15SEP2009H12	2015-09-15 22:00:00	long	H12	185.05700000000002	1	0	0	2578	11	2	0	13.0	4460.0	2015-01-08 00:00:00	1		FALSE	0.0	4.0	6.0				7.0						True	92.92	53.71		250	343.0769230769231	7.076923076923077	84.61538461538461	A	5.5	0	11
290	GBP_JPY 10JUN2015H12	2015-10-06 22:00:00	long	H12	190.796	1	4	0	2114	11	4	0	82.0	15762.0	2003-01-01 00:00:00	1		FALSE	1.0	4.0	6.0				76.0						False	328.38	44.04		4661	192.21951219512195	4.0	13.414634146341463	A	2.75	0	7
293	GBP_JPY 08MAR2018H12	2018-08-03 10:00:00	short	H12	147.002	0	1	6	2345	12	6	0	48.0	9364.0	2017-01-09 00:00:00	1		FALSE	1.0	4.0	6.0				41.0						False	195.08	48.85		571	195.08333333333334	4.0625	25.0	A	2.0	6	8
296	GBP_JPY 08JAN2016H12	2016-08-01 10:00:00	short	H12	171.696	1	1	10	1850	4	1	1	44.0	14500.0	2014-01-02 00:00:00	1		FALSE	0.0	4.0	6.0				42.0						True	302.08	38.54		942	329.54545454545456	6.863636363636363	9.090909090909092	A	4.0	10	32
300	GBP_CHF 08OCT2018H12	2018-08-10 22:00:00	long	H12	1.29887	1	1	1	604	4	1	0	22.0	4691.0	2018-01-07 00:00:00	1		TRUE	1.0	4.0	6.0											97.73	12.58		215	213.22727272727272	4.409090909090909	18.181818181818183	A	4.0	1	19
301	GBP_AUD 30OCT2017H12	2017-10-30 09:00:00	long	H12	1.7175	1	0	0	1260	7	2	0	12.0	4198.0	2017-01-06 00:00:00	1		FALSE	1.0	4.0	6.0				9.0		3.0	6,6	70.0		True	87.46	26.25		297	349.8333333333333	7.25	58.333333333333336	A	3.5	0	8
302	GBP_AUD 24FEB2010H12	2010-02-24 22:00:00	short	H12	1.7223700000000002	1	1	5	2960	9	2	0	28.0	9910.0	2003-01-01 00:00:00	1		FALSE	2.0	4.0	6.0				26.0	4.0	2.0	27	58.0		True	206.46	61.67		2611	353.92857142857144	7.357142857142857	32.142857142857146	A	4.5	5	10
303	GBP_AUD 21MAR2016H12	2016-03-21 21:00:00	short	H12	1.8884599999999998	1	4	1,3,4,6	3450	10	13	0	55.0	16877.0	2015-01-01 00:00:00	1		FALSE	1.0	4.0	6.0				49.0	6.0	2.0	27	48.0		False	351.6	71.88		445	306.8545454545455	6.381818181818182	18.181818181818183	A	0.7692307692307693	14	6
304	GBP_AUD 21AUG2012H12	2012-08-21 10:00:00	long	H12	1.5045	1	0	0	710	6	3	0	21.0	3154.0	2012-01-07 00:00:00	1		FALSE	1.0	4.0	6.0				19.0		2.0	14	44.0		True	65.71	14.79		227	150.1904761904762	3.0952380952380953	28.571428571428573	A	2.0	0	8
305	GBP_AUD 20APR2009H12	2009-04-20 10:00:00	long	H12	2.0583	0	0	0	4080	10	1	0	10.0	4443.0	2009-01-03 00:00:00	1	6483.0	FALSE	0.0	4.0	6.0				11.0		2.0	11	46.0		True	92.56	85.0	135.06	107	444.3	9.2	100.0	A	10.0	0	14
307	GBP_AUD 18DEC2011H12	2011-12-18 22:00:00	long	H12	1.5607	0	0	0	1350	6	1	0	15.0	4202.0	2011-01-11 00:00:00	1		TRUE	2.0	4.0	6.0				16.0		3.0	9,6	42.0		False	87.54	28.12		341	280.1333333333333	5.8	40.0	A	6.0	0	13
308	GBP_AUD 17SEP2014H12	2014-09-17 10:00:00	long	H12	1.8012299999999999	1	0	0	1850	8	1	0	13.0	7565.0	2014-01-07 00:00:00	1		FALSE	0.0	4.0	6.0				9.0		2.0	13	76.0		True	157.6	38.54		253	581.9230769230769	12.076923076923077	61.53846153846154	A	8.0	0	15
314	EUR_USD 28MAY2009H12	2009-05-28 10:00:00	long	H12	1.38783	1	3	4,1,1	1630	11	2	0	51.0	9928.0	2008-01-12 00:00:00	1		FALSE	3.0	4.0	6.0											206.83	33.96		502	194.66666666666666	4.03921568627451	21.568627450980394	A	5.5	6	8
318	EUR_USD 24SEP2010H12	2010-09-24 10:00:00	long	H12	1.33887	1	2	3,1	1250	5	1	1	19.0	7026.0	2010-01-04 00:00:00	1		FALSE	1.0	4.0	6.0											146.38	26.04		263	369.7894736842105	7.684210526315789	26.31578947368421	A	5.0	4	13
319	EUR_USD 24MAY2010H12	2010-05-24 10:00:00	short	H12	1.24224	1	3	2,3,6	3500	13	1	0	54.0	12218.0	2006-01-04 00:00:00	1		FALSE	1.0	4.0	6.0				50.0	7.0	3.0	18,10	40.0		True	254.54	72.92		1601	226.25925925925927	4.703703703703703	24.074074074074073	A	13.0	11	10
320	EUR_USD 23JAN2012H12	2012-01-23 10:00:00	long	H12	1.29515	1	0	0	900	5	1	0	10.0	3101.0	2012-01-12 00:00:00	1		FALSE	0.0	4.0	6.0				7.0		2.0	10	67.0		True	64.6	18.75		11	310.1	6.4	50.0	A	5.0	0	14
323	EUR_USD 22AUG2008H12	2008-08-22 10:00:00	short	H12	1.48065	1	3	21,1,1	2200	13	6	0	56.0	11800.0	2008-01-02 00:00:00	1		FALSE	3.0	4.0	6.0				51.0	6.0	2.0	20	46.0		True	245.83	45.83		233	210.71428571428572	4.375	23.214285714285715	A	2.1666666666666665	23	13
327	EUR_USD 10FEB2010H12	2010-10-02 10:00:00	short	H12	1.3737700000000002	1	3	6,6,4	1970	9	1	0	37.0	7882.0	2009-01-05 00:00:00	1		FALSE	1.0	4.0	6.0											164.21	41.04		635	213.02702702702703	4.4324324324324325	24.324324324324323	A	9.0	16	10
329	EUR_USD 05JUN2012H12	2012-05-06 10:00:00	short	H12	1.24187	0	6	3,2,1,5,10,1	2080	10	1	0	49.0	8766.0	2010-01-06 00:00:00	1	2000.0	TRUE	1.0	4.0	6.0				51.0	5.0	3.0	19,29	54.0		True	182.62	43.33	41.67	851	178.89795918367346	3.7142857142857144	20.408163265306122	A	10.0	22	5
331	EUR_USD 01JUN2018H12	2018-01-06 10:00:00	short	H12	1.1647299999999998	0	10	3,1,1,2,1,1,10,6,3,1	1950	14	7	0	62.0	7325.0	2017-01-07 00:00:00	1		TRUE	1.0	4.0	6.0				64.0	5.0	3.0	27,35	52.0		True	152.6	40.62		364	118.14516129032258	2.4516129032258065	22.580645161290324	A	2.0	29	6
332	EUR_JPY 30MAR2009H12	2009-03-30 22:00:00	long	H12	128.815	1	2	3,1	7081	20	4	0	81.0	15351.0	2008-01-10 00:00:00	1		FALSE	3.0	4.0	6.0				71.0	10.0	3.0	24,34	40.0		False	319.81	147.52		445	189.5185185185185	3.9382716049382718	24.691358024691358	A	5.0	4	6
334	EUR_JPY 14JUL2011H12	2011-07-14 22:00:00	short	H12	111.807	0	1	3	2831	7	1	0	15.0	5904.0	2011-01-03 00:00:00	1	558.0	TRUE	0.0	4.0	6.0				15.0	6.0	2.0	10	57.0		True	123.0	58.98	11.62	192	393.6	8.2	46.666666666666664	A	7.0	3	12
335	EUR_JPY 13AUG2012H12	2012-08-13 22:00:00	long	H12	96.885	1	0	0	1565	14	9	0	27.0	2620.0	2012-01-07 00:00:00	1		FALSE	1.0	4.0	6.0				21.0		3.0	14,15	48.0		False	54.58	32.6		219	97.03703703703704	2.0	51.851851851851855	A	1.5555555555555556	0	8
337	EUR_JPY 08APR2011H12	2011-08-04 10:00:00	long	H12	122.86	0	0	0	1940	5	1	1	31.0	12599.0	2010-01-05 00:00:00	1		TRUE	1.0	4.0	6.0				33.0		5.0	4,5,7,12	59.0		True	262.48	40.42		576	406.4193548387097	8.451612903225806	16.129032258064516	A	5.0	0	22
339	EUR_GBP 9OCT2009H12	2009-09-10 10:00:00	long	H12	0.92289	1	5	7,8,1,3,1	700	8	5	0	93.0	7695.0	2009-01-03 00:00:00	1		FALSE	2.0	4.0	6.0				88.0	16.0	2.0	39	38.0		True	160.31	14.58		250	82.74193548387096	1.7204301075268817	8.602150537634408	A	1.6	20	6
341	EUR_GBP 24OCT2010H12	2010-10-24 22:00:00	long	H12	0.89084	0	4	1,3,1,3	460	5	1	0	78.0	7279.0	2010-01-03 00:00:00	1		FALSE	3.0	4.0	6.0				79.0	14.0	6.0	7,28,12,4,9	44.0		False	151.65	9.58		294	93.32051282051282	1.935897435897436	6.410256410256411	A	5.0	8	6
344	EUR_GBP 15FEB2009H12	2009-02-15 22:00:00	long	H12	0.89884	0	0	0	2075	8	1	0	7.0	3360.0	2009-01-01 00:00:00	1	800.0	TRUE	0.0	4.0	6.0				10.0		2.0	6	57.0		True	70.0	43.23	16.67	45	480.0	10.0	114.28571428571429	A	8.0	0	19
345	EUR_GBP 14APR2010H12	2010-04-14 10:00:00	short	H12	0.8828799999999999	1	1	3	1385	13	6	0	49.0	2956.0	2009-01-08 00:00:00	1		FALSE	1.0	4.0	6.0				40.0	7.0	2.0	25	45.0		False	61.58	28.85		461	60.326530612244895	1.2448979591836735	26.53061224489796	A	2.1666666666666665	3	11
347	EUR_GBP 07JUN2016H12	2016-07-06 22:00:00	long	H12	0.78173	1	1	3	970	6	1	0	13.0	2301.0	2016-01-04 00:00:00	1		FALSE	1.0	4.0	6.0				15.0	19.0	3.0	4,8	52.0		True	47.94	20.21		184	177.0	3.6153846153846154	46.15384615384615	A	6.0	3	5
349	EUR_GBP 06DEC2010H12	2010-06-12 22:00:00	short	H12	0.8455799999999999	0	2	1,2	1500	11	7	0	60.0	4729.0	2010-01-09 00:00:00	1	1165.0	FALSE	1.0	4.0	6.0				62.0	9.0	3.0	41,16	43.0		False	98.52	31.25	24.27	154	78.81666666666666	1.6333333333333333	18.333333333333332	A	1.5714285714285714	3	0
356	EUR_AUD 19DEC2018H12	2018-12-19 10:00:00	long	H12	1.58714	1	0	0	464	3	2	1	23.0	4605.0	2018-01-10 00:00:00	1		FALSE	0.0	4.0	6.0											95.94	9.67		343	200.2173913043478	4.130434782608695	13.043478260869565	A	1.5	0	38
371	AUD_USD 30JUL2009H12	2009-07-30 10:00:00	long	H12	0.8231299999999999	1	6	2,3,3,1,4,3	1040	8	7	0	205.0	19065.0	2008-01-09 00:00:00	1		FALSE	0.0	4.0	6.0	0.0			201.0	79.0	2.0	25	24.0		False	397.19	21.67		568	93.0	1.9365853658536585	3.902439024390244	A	1.1428571428571428	16	8
375	AUD_USD 26MAY2009H12	2009-05-26 22:00:00	long	H12	0.7870199999999999	1	4	1,1,3,1	800	5	11	0	111.0	16103.0	2008-01-10 00:00:00	1		TRUE	1.0	4.0	6.0	0.0			107.0	24.0	3.0	14,26	29.0		False	335.48	16.67		502	145.07207207207207	3.018018018018018	4.504504504504505	A	0.45454545454545453	6	2
379	AUD_USD 25JUL2012H12	2012-07-25 10:00:00	long	H12	1.0293700000000001	1	3	1,1,3	2000	14	11	0	75.0	6835.0	2012-01-04 00:00:00	1		FALSE	1.0	4.0	6.0	1.0			69.0	8.0	3.0	18,59	42.0		False	142.4	41.67		203	91.13333333333334	1.8933333333333333	18.666666666666668	A	1.2727272727272727	5	3
382	AUD_USD 24NOV2011H12	2011-11-24 22:00:00	short	H12	0.9704799999999999	0	2	3,1	927	5	1	1	17.0	6407.0	2011-01-10 00:00:00	1		FALSE	2.0	4.0	6.0											133.48	19.31		318	376.88235294117646	7.823529411764706	29.41176470588235	A	5.0	4	23
383	AUD_USD 24MAY2013H12	2013-05-24 10:00:00	short	H12	0.9648	0	2	3,12	1420	4	2	0	34.0	7358.0	2011-01-10 00:00:00	1	100.0	FALSE	1.0	4.0	6.0	0.0			36.0	3.0	3.0	4,17	63.0		True	153.29	29.58	2.08	865	216.41176470588235	4.5	11.764705882352942	A	2.0	15	10
392	AUD_USD 22MAR2016H12	2016-03-22 09:00:00	long	H12	0.76276	0	5	2,2,2,1,2	904	8	1	0	33.0	4973.0	2015-01-07 00:00:00	1	798.0	FALSE	1.0	4.0	6.0											103.6	18.83	16.62	440	150.6969696969697	3.121212121212121	24.242424242424242	A	8.0	9	8
396	AUD_USD 19OCT2011H12	2011-10-19 10:00:00	long	H12	1.03285	1	1	1	2000	9	3	0	21.0	9379.0	2011-01-09 00:00:00	1		TRUE	0.0	4.0	6.0	0.0			17.0	4.0	2.0	21	64.0		True	195.4	41.67		283	446.6190476190476	9.285714285714286	42.857142857142854	A	3.0	1	17
399	AUD_USD 18OCT2011H12	2011-10-18 10:00:00	long	H12	1.02219	1	1	2	1936	7	2	0	19.0	7701.0	2011-01-09 00:00:00	1		FALSE	2.0	4.0	6.0											160.44	40.33		282	405.3157894736842	8.421052631578947	36.8421052631579	A	3.5	2	17
401	AUD_USD 18AUG2008H12	2008-08-18 22:00:00	short	H12	0.8675799999999999	0	2	24,2	1097	5	5	1	39.0	11385.0	2008-01-01 00:00:00	1	780.0	FALSE	2.0	4.0	6.0											237.19	22.85	16.25	230	291.9230769230769	6.076923076923077	12.820512820512821	A	1.0	26	23
402	AUD_USD 17JUN2010H12	2010-06-17 10:00:00	long	H12	0.8671399999999999	1	0	0	612	5	1	0	14.0	5581.0	2010-01-05 00:00:00	1		FALSE	1.0	4.0	6.0										True	116.27	12.75		163	398.64285714285717	8.285714285714286	35.714285714285715	A	5.0	0	3
405	AUD_USD 16SEP2010H12	2010-09-16 22:00:00	long	H12	0.94025	1	2	1,2	915	6	5	1	32.0	5976.0	2008-01-08 00:00:00	1		FALSE	2.0	4.0	6.0											124.5	19.06		982	186.75	3.875	18.75	A	1.2	3	20
407	AUD_USD 16JAN2017H12	2017-01-16 22:00:00	long	H12	0.74925	1	1	5	300	7	1	1	23.0	3157.0	2016-11-15 00:00:00	1		FALSE	3.0	4.0	6.0	0.0			19.0	3.0	4.0	7,5,7	59.0		True	65.77	6.25		62	137.2608695652174	2.8260869565217392	30.434782608695652	A	7.0	5	33
408	AUD_USD 14SEP2017H12	2017-09-14 22:00:00	long	H12	0.8016800000000001	0	7	1,1,1,11,2,1,2	1200	12	5	0	149.0	6413.0	2015-01-01 00:00:00	1		FALSE	4.0	4.0	6.0											133.6	25.0		987	43.04026845637584	0.8926174496644296	8.053691275167786	A	2.4	19	8
411	AUD_USD 14OCT2015H12	2015-10-14 10:00:00	long	H12	0.7279899999999999	0	1	4	1385	9	1	0	22.0	3327.0	2015-01-08 00:00:00	1		FALSE	1.0	4.0	6.0											69.31	28.85		279	151.22727272727272	3.1363636363636362	40.90909090909091	A	9.0	4	5
415	AUD_USD 12MAY2009H12	2009-12-05 10:00:00	long	H12	0.76656	0	1	2	1170	6	2	0	19.0	6694.0	2008-01-10 00:00:00	1	876.0	FALSE	1.0	4.0	6.0										True	139.46	24.38	18.25	695	352.3157894736842	7.315789473684211	31.57894736842105	A	3.0	2	10
420	AUD_USD 11JAN2006H12	2006-11-01 10:00:00	long	H12	0.7512300000000001	1	1	3	587	7	4	0	20.0	2693.0	2005-01-09 00:00:00	1		FALSE	1.0	4.0	6.0											56.1	12.23		661	134.65	2.8	35.0	A	1.75	3	8
424	AUD_USD 09JUL2012H12	2012-09-07 22:00:00	long	H12	1.0222799999999999	0	1	2	1580	14	3	0	53.0	6288.0	2012-01-05 00:00:00	1	390.0	FALSE	2.0	4.0	6.0	1.0			54.0	27.0	4.0	13,6,32	45.0		False	131.0	32.92	8.12	246	118.64150943396227	2.4716981132075473	26.41509433962264	A	4.666666666666667	2	11
426	AUD_USD 08APR2009H12	2009-08-04 22:00:00	long	H12	0.7104199999999999	1	3	1,4,2	1834	10	2	0	44.0	7816.0	2009-01-01 00:00:00	1		FALSE	4.0	4.0	6.0											162.83	38.21		215	177.63636363636363	3.6818181818181817	22.727272727272727	A	5.0	7	5
429	AUD_USD 05AUG2009H12	2009-05-08 22:00:00	long	H12	0.84498	0	1	1	753	6	3	0	34.0	7257.0	2008-01-08 00:00:00	1	2116.0	FALSE	1.0	4.0	6.0											151.19	15.69	44.08	486	213.44117647058823	4.4411764705882355	17.647058823529413	A	2.0	1	14
431	AUD_USD 03FEB2016H12	2016-03-02 10:00:00	long	H12	0.70703	1	0	0	800	10	4	0	19.0	2393.0	2016-01-01 00:00:00	1		FALSE	1.0	4.0	6.0	0.0			15.0		3.0	11,9	67.0		True	49.85	16.67		61	125.94736842105263	2.5789473684210527	52.63157894736842	A	2.5	0	11
432	AUD_USD 02DEC2011H12	2011-02-12 10:00:00	long	H12	1.02852	0	0	0	1236	5	4	0	9.0	5631.0	2011-01-10 00:00:00	1		TRUE	1.0	4.0	6.0											117.31	25.75		33	625.6666666666666	13.0	55.55555555555556	A	1.25	0	4
454	EUR_AUD 28MAR2006H12	2006-03-28 22:00:00	long	H12	1.7064700000000002	0	2	4,9	1361	6	1	1	18.0	7814.0	2005-01-01 00:00:00	1		FALSE	1.0	4.0	6.0											162.79	28.35		451	434.1111111111111	9.0	33.333333333333336	A	6.0	13	14
455	EUR_AUD 14AUG2008H12	2008-08-14 21:00:00	long	H12	1.7074599999999998	0	2	2,11	3608	6	1	0	24.0	7107.0	2008-01-04 00:00:00	1		FALSE	1.0	4.0	6.0											148.06	75.17		223	296.125	6.166666666666667	25.0	A	6.0	13	5
456	EUR_AUD 25JAN2011H12	2011-01-25 10:00:00	long	H12	1.37523	0	2	3,1	1321	6	1	0	22.0	7848.0	2010-01-11 00:00:00	1	3195.0	FALSE	2.0	4.0	6.0											163.5	27.52	66.56	379	356.72727272727275	7.409090909090909	27.272727272727273	A	6.0	4	7
457	EUR_AUD 03OCT2011H12	2011-03-10 21:00:00	long	H12	1.38814	1	2	2,1	1372	8	6	0	31.0	8806.0	2011-01-03 00:00:00	1		FALSE	1.0	4.0	6.0											183.46	28.58		66	284.06451612903226	5.903225806451613	25.806451612903224	A	1.3333333333333333	3	8
458	EUR_AUD 20DEC2012H12	2012-12-20 10:00:00	long	H12	1.26378	1	0	0	680	3	1	1	11.0	3071.0	2012-01-10 00:00:00	1		FALSE	2.0	4.0	6.0											63.98	14.17		345	279.1818181818182	5.7272727272727275	27.272727272727273	A	3.0	0	41
459	EUR_AUD 31MAR2014H12	2014-03-31 21:00:00	short	H12	1.48464	1	2	1,7	1100	7	1	0	21.0	5725.0	2013-01-11 00:00:00	1		TRUE	2.0	4.0	6.0											119.27	22.92		444	272.6190476190476	5.666666666666667	33.333333333333336	A	7.0	8	15
460	EUR_AUD 12DEC2014H12	2014-12-12 10:00:00	long	H12	1.50419	1	0	0	1146	4	1	1	28.0	7733.0	2014-01-03 00:00:00	1		FALSE	3.0	4.0	6.0											161.1	23.88		343	276.17857142857144	5.75	14.285714285714286	A	4.0	0	36
461	EUR_AUD 13JAN2015H12	2015-01-13 10:00:00	short	H12	1.44581	0	2	6,1	1301	5	2	1	22.0	5914.0	2014-01-11 00:00:00	1	495.0	FALSE	2.0	4.0	6.0											123.21	27.1	10.31	367	268.8181818181818	5.590909090909091	22.727272727272727	A	2.5	7	31
462	EUR_AUD 08JUN2015H12	2015-08-06 09:00:00	long	H12	1.46319	0	2	1,1	1375	6	1	0	17.0	6416.0	2015-01-02 00:00:00	1	1729.0	FALSE	1.0	4.0	6.0											133.67	28.65	36.02	216	377.4117647058824	7.823529411764706	35.294117647058826	A	6.0	2	0
463	EUR_AUD 28AUG2015H12	2015-08-28 09:00:00	long	H12	1.57863	0	1	6	8700	9	1	0	13.0	7438.0	2009-01-12 00:00:00	1	263.0	TRUE	0.0	4.0	6.0											154.96	181.25	5.48	2419	572.1538461538462	11.846153846153847	69.23076923076923	A	9.0	6	16
464	EUR_AUD 02MAY2017H12	2017-02-05 21:00:00	long	H12	1.45367	1	1	7	1467	12	1	0	22.0	5265.0	2016-01-10 00:00:00	1		FALSE	1.0	4.0	6.0											109.69	30.56		392	239.3181818181818	4.954545454545454	54.54545454545455	A	12.0	7	16
465	EUR_AUD 21JUN2018H12	2018-06-21 21:00:00	long	H12	1.5752700000000002	0	0	0	930	7	5	0	25.0	4590.0	2018-01-05 00:00:00	1		TRUE	1.0	4.0	6.0											95.62	19.38		167	183.6	3.8	28.0	A	1.4	0	6
466	EUR_AUD 01JAN2019H12	2019-01-01 22:00:00	long	H12	1.62796	1	2	4,8	1021	6	1	1	36.0	8480.0	2009-01-10 00:00:00	1		FALSE	2.0	4.0	6.0											176.67	21.27		3643	235.55555555555554	4.888888888888889	16.666666666666668	A	6.0	12	24
468	AUD_USD 14JAN2019H12	2019-01-14 22:00:00	long	H12	0.7209899999999999	0	0	0	450	6	2	0	15.0	2530.0	2018-01-12 00:00:00	1	961.0	FALSE	0.0	4.0	6.0											52.71	9.38	20.02	367	168.66666666666666	3.466666666666667	40.0	A	3.0	0	20
475	EUR_AUD 28MAR2006H12	2006-03-28 22:00:00	long	H12	1.7064700000000002	0	2	4,9	1361	6	1	1	18.0	7814.0	2005-01-01 00:00:00	1		FALSE	1.0	8.0	5.0											162.79	28.35		451	434.1111111111111	9.0	33.333333333333336	P	6.0	13	-2
476	EUR_AUD 14AUG2008H12	2008-08-14 21:00:00	long	H12	1.7074599999999998	0	2	2,11	3608	6	1	0	24.0	7107.0	2008-01-04 00:00:00	1		FALSE	1.0	4.0	6.0											148.06	75.17		223	296.125	6.166666666666667	25.0	A	6.0	13	5
477	EUR_AUD 25JAN2011H12	2011-01-25 10:00:00	long	H12	1.37523	0	2	3,1	1321	6	1	0	22.0	7848.0	2010-01-11 00:00:00	1	3195.0	FALSE	2.0	4.0	6.0											163.5	27.52	66.56	379	356.72727272727275	7.409090909090909	27.272727272727273	A	6.0	4	7
478	EUR_AUD 03OCT2011H12	2011-03-10 21:00:00	long	H12	1.38814	1	2	2,1	1372	8	6	0	31.0	8806.0	2011-01-03 00:00:00	1		FALSE	1.0	4.0	6.0											183.46	28.58		66	284.06451612903226	5.903225806451613	25.806451612903224	A	1.3333333333333333	3	8
479	EUR_AUD 20DEC2012H12	2012-12-20 10:00:00	long	H12	1.26378	1	0	0	680	3	1	1	11.0	3071.0	2012-01-10 00:00:00	1		FALSE	2.0	4.0	6.0											63.98	14.17		345	279.1818181818182	5.7272727272727275	27.272727272727273	A	3.0	0	41
480	EUR_AUD 31MAR2014H12	2014-03-31 21:00:00	short	H12	1.48464	1	2	1,7	1100	7	1	0	21.0	5725.0	2013-01-11 00:00:00	1		TRUE	2.0	4.0	6.0											119.27	22.92		444	272.6190476190476	5.666666666666667	33.333333333333336	A	7.0	8	15
481	EUR_AUD 12DEC2014H12	2014-12-12 10:00:00	long	H12	1.50419	1	0	0	1146	4	1	1	28.0	7733.0	2014-01-03 00:00:00	1		FALSE	3.0	4.0	6.0											161.1	23.88		343	276.17857142857144	5.75	14.285714285714286	A	4.0	0	36
482	EUR_AUD 13JAN2015H12	2015-01-13 10:00:00	short	H12	1.44581	0	2	6,1	1301	5	2	1	22.0	5914.0	2014-01-11 00:00:00	1	495.0	FALSE	2.0	4.0	6.0											123.21	27.1	10.31	367	268.8181818181818	5.590909090909091	22.727272727272727	A	2.5	7	31
483	EUR_AUD 08JUN2015H12	2015-08-06 09:00:00	long	H12	1.46319	0	2	1,1	1375	6	1	0	17.0	6416.0	2015-01-02 00:00:00	1	1729.0	FALSE	1.0	4.0	6.0											133.67	28.65	36.02	216	377.4117647058824	7.823529411764706	35.294117647058826	A	6.0	2	0
484	EUR_AUD 28AUG2015H12	2015-08-28 09:00:00	long	H12	1.57863	0	1	6	8700	9	1	0	13.0	7438.0	2009-01-12 00:00:00	1	263.0	TRUE	0.0	4.0	6.0											154.96	181.25	5.48	2419	572.1538461538462	11.846153846153847	69.23076923076923	A	9.0	6	16
485	EUR_AUD 05MAY2016H12	2016-05-05 21:00:00	long	H12	1.5393	1	2	4,2	1329	6	1	1	13.0	7123.0	2016-01-02 00:00:00	1		FALSE	1.0	4.0	6.0											148.4	27.69		124	547.9230769230769	11.384615384615385	46.15384615384615	A	6.0	6	17
486	EUR_AUD 02MAY2017H12	2017-02-05 21:00:00	long	H12	1.45367	1	1	7	1467	12	1	0	22.0	5265.0	2016-01-10 00:00:00	1		FALSE	1.0	4.0	6.0											109.69	30.56		392	239.3181818181818	4.954545454545454	54.54545454545455	A	12.0	7	16
487	EUR_AUD 21JUN2018H12	2018-06-21 21:00:00	long	H12	1.5752700000000002	0	0	0	930	7	5	0	25.0	4590.0	2018-01-05 00:00:00	1		TRUE	1.0	4.0	6.0											95.62	19.38		167	183.6	3.8	28.0	A	1.4	0	6
488	EUR_AUD 01JAN2019H12	2019-01-01 22:00:00	long	H12	1.62796	1	2	4,8	1021	6	1	1	36.0	8480.0	2009-01-10 00:00:00	1		FALSE	2.0	4.0	6.0											176.67	21.27		3643	235.55555555555554	4.888888888888889	16.666666666666668	A	6.0	12	24
494	NZD_JPY 26MAY2010H12	2010-05-26 09:00:00	short	H12	60.073	0	2	2,4	1676	6	4	0	30.0	9166.0	2009-01-07 00:00:00	1		FALSE	1.0	4.0	5.0											190.96	34.92		504	305.53333333333336	6.333333333333333	20.0	A	1.5	6	2
495	NZD_JPY 23SEP2011H12	2011-09-23 09:00:00	short	H12	59.13399999999999	0	0	0	1100	3	1	1	32.0	6300.0	2011-01-03 00:00:00	0		FALSE	2.0	7.0	6.0											131.25	22.92		263	196.875	4.09375	9.375	P	3.0	0	-4
496	NZD_JPY 22MAY2012H12	2012-05-22 21:00:00	short	H12	60.04	1	1	23	1023	8	1	1	36.0	6218.0	2012-01-01 00:00:00	1		FALSE	2.0	3.0	9.0											129.54	21.31		142	172.72222222222223	3.5833333333333335	22.22222222222222	A	8.0	23	26
497	NZD_JPY 27JUN2012H12	2012-06-27 21:00:00	long	H12	63.213	0	1	1	1310	14	7	0	32.0	4350.0	2012-01-05 00:00:00	0	1310.0	FALSE	1.0	14.0	14.0											90.62	27.29	27.29	174	135.9375	2.8125	43.75	U	2.0	1	-12
498	NZD_JPY 03MAR2015H12	2015-03-03 10:00:00	long	H12	90.447	0	0	0	501	6	3	0	40.0	5973.0	2015-01-01 00:00:00	1	2736.0	FALSE	1.0	2.0	1.0											124.44	10.44	57.0	61	149.325	3.1	15.0	P	2.0	0	-8
499	NZD_JPY 07DEC2016H12	2016-07-12 22:00:00	long	H12	81.583	1	2	4,4	339	6	3	1	40.0	6407.0	2015-01-06 00:00:00	1		FALSE	4.0	2.0	7.0											133.48	7.06		553	160.175	3.325	15.0	A	2.0	8	20
500	NZD_JPY 28AUG2017H12	2017-08-28 21:00:00	short	H12	78.874	0	3	3,3,2	595	9	2	0	44.0	4790.0	2017-01-05 00:00:00	1		TRUE	2.0	1.0	3.0											99.79	12.4		235	108.86363636363636	2.25	20.454545454545453	A	4.5	8	4
501	NZD_JPY 11JAN2018H12	2018-11-01 10:00:00	long	H12	80.71600000000001	0	5	5,1,1,1,1	978	10	1	0	73.0	4296.0	2017-01-10 00:00:00	1		FALSE	1.0	9.0	8.0											89.5	20.38		660	58.84931506849315	1.2191780821917808	13.698630136986301	P	10.0	9	-12
502	NZD_JPY 16JUL2018H12	2018-07-16 21:00:00	long	H12	76.426	0	0	0	484	7	6	0	17.0	1876.0	2018-01-06 00:00:00	1		FALSE	1.0	16.0	9.0											39.08	10.08		191	110.3529411764706	2.2941176470588234	41.1764705882353	P	1.1666666666666667	0	-10
503	NZD_JPY 12NOV2018H12	2018-12-11 22:00:00	long	H12	76.90899999999999	1	1	6	714	9	1	0	22.0	4520.0	2018-01-04 00:00:00	1		FALSE	1.0	6.0	14.0											94.17	14.88		341	205.45454545454547	4.2727272727272725	40.90909090909091	A	9.0	6	13
